{"0": {"baseline_balance": 102.00401388, "paused": true, "updated_ts": 1771851133.1108427, "paused_ts": 1772190128.977325, "dd_pct": -29.638358188106235, "current_balance": 71.77169888, "resumed_ts": 1771228560.0859308}, "1": {"baseline_balance": 75.17682053, "paused": false, "updated_ts": 1772190335.3197076, "paused_ts": 1771845113.1521106, "dd_pct": 0.0, "current_balance": 75.17682053, "resumed_ts": 1771845505.9789176}, "2": {"baseline_balance": 621.2536736, "paused": true, "updated_ts": 1771851042.07104, "paused_ts": 1772190131.6846828, "dd_pct": -22.292877062192062, "current_balance": 482.7583559, "resumed_ts": 1771097257.044276}, "3": {"baseline_balance": 71.44498622, "paused": false, "updated_ts": 1772190337.8109517, "paused_ts": 1770992387.0674295, "dd_pct": 0.0, "current_balance": 71.44498622, "resumed_ts": 1771097257.8183079}, "4": {"baseline_balance": 358.43764814, "paused": false, "updated_ts": 1771576840.8606117, "paused_ts": 1770839761.205025, "dd_pct": 0.0, "current_balance": 358.43764814, "resumed_ts": 1771097259.2523265}}