{"4|APTUSDT|SHORT": {"base_qty": 23.7, "base_entry": 0.9996, "extra_qty": 0.0, "updated_ts": 1774019501.8970537}, "4|XPLUSDT|SHORT": {"base_qty": 80.0, "base_entry": 0.0981, "extra_qty": 0.0, "updated_ts": 1774019505.5180416}, "4|BANUSDT|LONG": {"base_qty": 19.0, "base_entry": 0.0546, "extra_qty": 0.0, "updated_ts": 1774019509.0344481}, "4|BTRUSDT|LONG": {"base_qty": 58.0, "base_entry": 0.13509, "extra_qty": 0.0, "updated_ts": 1774019518.4329212}, "1|币安人生USDT|LONG": {"base_qty": 478.0, "base_entry": 0.0470028941177, "extra_qty": 0.0, "updated_ts": 1774176516.7817597}, "1|BARDUSDT|LONG": {"base_qty": 60.0, "base_entry": 0.4915, "extra_qty": 0.0, "updated_ts": 1774176520.9571502}, "1|RIVERUSDT|LONG": {"base_qty": 1.5, "base_entry": 19.59, "extra_qty": 2.7, "updated_ts": 1774346315.511613}, "2|MUSDT|SHORT": {"base_qty": 13.0, "base_entry": 2.1971, "extra_qty": 38.0, "updated_ts": 1774521884.7804213}}