{"sl_bias": -0.186656, "tp_scale": 1.192932}